{"WALDO, AR to COLFAX, WI": 1032.6726826831, "TROY, AL to COLFAX, WI": 1120.9801893643, "WARREN, AR to COLFAX, WI": 985.8768598505001, "LUMBERTON, MS to COLFAX, WI": 1136.4591623453, "MONROEVILLE, AR to COLFAX, WI": 811.511768742, "WALDO, AR to CURTISS, WI": 1008.4163472303001, "TROY, AL to CURTISS, WI": 1099.5646999864, "WARREN, AR to CURTISS, WI": 964.4613704726, "LUMBERTON, MS to CURTISS, WI": 1115.0436729674, "MONROEVILLE, AR to CURTISS, WI": 779.7692176183, "WALDO, AR to BLOOMINGTON, WI": 857.009796104, "TROY, AL to BLOOMINGTON, WI": 968.8076742063, "WARREN, AR to BLOOMINGTON, WI": 813.0548814834, "LUMBERTON, MS to BLOOMINGTON, WI": 982.4257031794, "MONROEVILLE, AR to BLOOMINGTON, WI": 687.42895101, "WALDO, AR to CHIPPEWA FALLS, WI": 1016.4255708718999, "TROY, AL to CHIPPEWA FALLS, WI": 1107.5739857651001, "WARREN, AR to CHIPPEWA FALLS, WI": 972.4706562513, "LUMBERTON, MS to CHIPPEWA FALLS, WI": 1123.0529587461, "MONROEVILLE, AR to CHIPPEWA FALLS, WI": 798.1055030057, "WALDO, AR to HUNTINGTON, IN": 790.4206971632, "TROY, AL to HUNTINGTON, IN": 699.1711230712, "WARREN, AR to HUNTINGTON, IN": 746.4657204055001, "LUMBERTON, MS to HUNTINGTON, IN": 816.6066381193999, "MONROEVILLE, AR to HUNTINGTON, IN": 359.8257556156, "WALDO, AR to HARRISONVILLE, MO": 490.1831155685, "TROY, AL to HARRISONVILLE, MO": 788.0625320811, "WARREN, AR to HARRISONVILLE, MO": 475.1922916451, "LUMBERTON, MS to HARRISONVILLE, MO": 766.6369143559, "MONROEVILLE, AR to HARRISONVILLE, MO": 863.5147426917, "WALDO, AR to ELKHART, IN": 850.4496096344, "TROY, AL to ELKHART, IN": 751.1684425448001, "WARREN, AR to ELKHART, IN": 806.4946328766999, "LUMBERTON, MS to ELKHART, IN": 868.603957593, "MONROEVILLE, AR to ELKHART, IN": 366.97537461580004, "WALDO, AR to EDWARDSBURG, MI": 843.8111304188001, "TROY, AL to EDWARDSBURG, MI": 773.1629875576001, "WARREN, AR to EDWARDSBURG, MI": 799.8561536611, "LUMBERTON, MS to EDWARDSBURG, MI": 890.5985026058, "MONROEVILLE, AR to EDWARDSBURG, MI": 373.10016642569997, "WALDO, AR to HAMILTON, OH": 754.146176651, "TROY, AL to HAMILTON, OH": 607.5530759762, "WARREN, AR to HAMILTON, OH": 683.3377822089, "LUMBERTON, MS to HAMILTON, OH": 724.9886531615, "MONROEVILLE, AR to HAMILTON, OH": 301.4601911743, "WALDO, AR to CHARLOTTE, MI": 934.2198031365, "TROY, AL to CHARLOTTE, MI": 842.4142262737, "WARREN, AR to CHARLOTTE, MI": 890.2648263788001, "LUMBERTON, MS to CHARLOTTE, MI": 959.849803459, "MONROEVILLE, AR to CHARLOTTE, MI": 362.0069542369, "WARRENTON, GA to BREMEN, IN": 742.4514773342, "VICKSBURG, MS to BREMEN, IN": 831.4132876783999, "GRACEVILLE, FL to BREMEN, IN": 823.5771779974, "TROY, AL to BREMEN, IN": 746.6519452942, "AXIS, AL to BREMEN, IN": 852.6684012012, "GLOSTER, MS to BREMEN, IN": 906.0654831265, "GURDON, AR to BREMEN, IN": 779.4795344581, "OLA, AR to BREMEN, IN": 761.7134812374, "WARREN, AR to BREMEN, IN": 783.3183644961001, "WARRENTON, GA to ST. ROSE, IL": 646.9781960068001, "VICKSBURG, MS to ST. ROSE, IL": 560.4945374848, "GRACEVILLE, FL to ST. ROSE, IL": 697.3624985015, "TROY, AL to ST. ROSE, IL": 620.4372036612, "AXIS, AL to ST. ROSE, IL": 648.2346081688, "GLOSTER, MS to ST. ROSE, IL": 635.1467329329, "GURDON, AR to ST. ROSE, IL": 472.36051758680003, "OLA, AR to ST. ROSE, IL": 454.5944643661, "WARREN, AR to ST. ROSE, IL": 476.19934762480005, "WARRENTON, GA to CHERRY VALLEY, IL": 882.3341440316001, "VICKSBURG, MS to CHERRY VALLEY, IL": 795.8504855096, "GRACEVILLE, FL to CHERRY VALLEY, IL": 932.7184465263, "TROY, AL to CHERRY VALLEY, IL": 855.793151686, "AXIS, AL to CHERRY VALLEY, IL": 883.5905561936, "GLOSTER, MS to CHERRY VALLEY, IL": 870.5026809577, "GURDON, AR to CHERRY VALLEY, IL": 716.8509921341999, "OLA, AR to CHERRY VALLEY, IL": 699.0849389135, "WARREN, AR to CHERRY VALLEY, IL": 720.6898221722, "WARRENTON, GA to SIKESTON, MO": 555.733717157, "VICKSBURG, MS to SIKESTON, MO": 388.4785394418, "GRACEVILLE, FL to SIKESTON, MO": 562.1741654349, "TROY, AL to SIKESTON, MO": 485.2489327317, "AXIS, AL to SIKESTON, MO": 507.28877569040003, "GLOSTER, MS to SIKESTON, MO": 463.1307348899, "GURDON, AR to SIKESTON, MO": 329.8791530932, "OLA, AR to SIKESTON, MO": 312.1130998725, "WARREN, AR to SIKESTON, MO": 333.71798313119996, "WARRENTON, GA to BROOKLINE, MO": 777.7090620678, "VICKSBURG, MS to BROOKLINE, MO": 435.31114743759997, "GRACEVILLE, FL to BROOKLINE, MO": 737.9989812966, "TROY, AL to BROOKLINE, MO": 661.0736864563, "AXIS, AL to BROOKLINE, MO": 668.6690770119, "GLOSTER, MS to BROOKLINE, MO": 516.7103134779001, "GURDON, AR to BROOKLINE, MO": 293.4602259606, "OLA, AR to BROOKLINE, MO": 184.6323769641, "WARREN, AR to BROOKLINE, MO": 303.4118553482, "WARRENTON, GA to JEFFERSON CITY, MO": 794.1137535646001, "VICKSBURG, MS to JEFFERSON CITY, MO": 577.1984812552, "GRACEVILLE, FL to JEFFERSON CITY, MO": 782.9493943963, "TROY, AL to JEFFERSON CITY, MO": 706.0241616931, "AXIS, AL to JEFFERSON CITY, MO": 713.6195522487, "GLOSTER, MS to JEFFERSON CITY, MO": 651.8506767033, "GURDON, AR to JEFFERSON CITY, MO": 418.95684912890005, "OLA, AR to JEFFERSON CITY, MO": 310.1289379953, "WARREN, AR to JEFFERSON CITY, MO": 428.9084163794, "WARRENTON, GA to BRAZIL, IN": 630.1935982806, "VICKSBURG, MS to BRAZIL, IN": 654.5276672455, "GRACEVILLE, FL to BRAZIL, IN": 680.5778386382, "TROY, AL to BRAZIL, IN": 603.652605935, "AXIS, AL to BRAZIL, IN": 709.669061842, "GLOSTER, MS to BRAZIL, IN": 729.1798626936001, "GURDON, AR to BRAZIL, IN": 602.5939140252, "OLA, AR to BRAZIL, IN": 584.8278608045, "WARREN, AR to BRAZIL, IN": 606.4327440632, "WARRENTON, GA to SANDBORN, IN": 589.3971745901, "VICKSBURG, MS to SANDBORN, IN": 611.5939137263, "GRACEVILLE, FL to SANDBORN, IN": 639.7814770848, "TROY, AL to SANDBORN, IN": 562.8561822445, "AXIS, AL to SANDBORN, IN": 668.8727002886001, "GLOSTER, MS to SANDBORN, IN": 686.2461091744, "GURDON, AR to SANDBORN, IN": 575.3829594674, "OLA, AR to SANDBORN, IN": 557.6169062467, "WARREN, AR to SANDBORN, IN": 579.2217895054, "WARRENTON, GA to ROMULUS, MI": 803.8015488256001, "VICKSBURG, MS to ROMULUS, MI": 966.3404585137, "GRACEVILLE, FL to ROMULUS, MI": 923.1539312717, "TROY, AL to ROMULUS, MI": 846.2286364314, "AXIS, AL to ROMULUS, MI": 952.2451544755, "GLOSTER, MS to ROMULUS, MI": 1040.9926539618, "GURDON, AR to ROMULUS, MI": 921.3015000465, "OLA, AR to ROMULUS, MI": 903.5354468258, "WARREN, AR to ROMULUS, MI": 925.1403300845, "WARRENTON, GA to MAYFIELD, KY": 501.6853141495, "VICKSBURG, MS to MAYFIELD, KY": 391.01373312180004, "GRACEVILLE, FL to MAYFIELD, KY": 526.0072042428001, "TROY, AL to MAYFIELD, KY": 449.0819715396, "AXIS, AL to MAYFIELD, KY": 471.1218144983, "GLOSTER, MS to MAYFIELD, KY": 465.6659285699, "GURDON, AR to MAYFIELD, KY": 378.863568862, "OLA, AR to MAYFIELD, KY": 361.09751564130005, "WARREN, AR to MAYFIELD, KY": 359.2619235702, "WARRENTON, GA to BATESVILLE, AR": 609.2102102961, "VICKSBURG, MS to BATESVILLE, AR": 312.8053693036, "GRACEVILLE, FL to BATESVILLE, AR": 569.5001295249, "TROY, AL to BATESVILLE, AR": 492.57489682169995, "AXIS, AL to BATESVILLE, AR": 500.17028737730004, "GLOSTER, MS to BATESVILLE, AR": 394.20453534390003, "GURDON, AR to BATESVILLE, AR": 177.0672471762, "OLA, AR to BATESVILLE, AR": 159.3011939555, "WARREN, AR to BATESVILLE, AR": 180.90607721420002, "WARRENTON, GA to LINCOLN, AR": 614.3505018936, "VICKSBURG, MS to LINCOLN, AR": 157.9337427958, "GRACEVILLE, FL to LINCOLN, AR": 530.2371873253, "TROY, AL to LINCOLN, AR": 453.311892485, "AXIS, AL to LINCOLN, AR": 393.1081883515, "GLOSTER, MS to LINCOLN, AR": 241.82087832009998, "GURDON, AR to LINCOLN, AR": 124.3722523438, "OLA, AR to LINCOLN, AR": 149.591961395, "WARREN, AR to LINCOLN, AR": 38.1825023048, "WARRENTON, GA to BUTLER, IN": 741.2128363828, "VICKSBURG, MS to BUTLER, IN": 863.7120901213001, "GRACEVILLE, FL to BUTLER, IN": 845.2478023079, "TROY, AL to BUTLER, IN": 768.3225074676001, "AXIS, AL to BUTLER, IN": 874.3390255117, "GLOSTER, MS to BUTLER, IN": 938.3642855694, "GURDON, AR to BUTLER, IN": 811.778336901, "OLA, AR to BUTLER, IN": 794.0122836803,